<?xml version="1.0" encoding="UTF-8"?>
<project-private xmlns="http://www.netbeans.org/ns/project-private/1">
    <editor-bookmarks xmlns="http://www.netbeans.org/ns/editor-bookmarks/2" lastBookmarkId="0"/>
    <open-files xmlns="http://www.netbeans.org/ns/projectui-open-files/2">
        <group>
            <file>file:/C:/Users/DELL%20INSPIRON/Desktop/Micro-controller/MC%20program/ECU_2main.X/adc.c</file>
            <file>file:/C:/Users/DELL%20INSPIRON/Desktop/Micro-controller/MC%20program/ECU_2main.X/ecu2_sensor.h</file>
            <file>file:/C:/Users/DELL%20INSPIRON/Desktop/Micro-controller/MC%20program/ECU_2main.X/main.c</file>
            <file>file:/C:/Users/DELL%20INSPIRON/Desktop/Micro-controller/MC%20program/ECU_2main.X/digital_keypad.c</file>
            <file>file:/C:/Users/DELL%20INSPIRON/Desktop/Micro-controller/MC%20program/ECU_2main.X/can.c</file>
            <file>file:/C:/Users/DELL%20INSPIRON/Desktop/Micro-controller/MC%20program/ECU_2main.X/ecu2_sensor.c</file>
            <file>file:/C:/Users/DELL%20INSPIRON/Desktop/Micro-controller/MC%20program/ECU_2main.X/clcd.c</file>
        </group>
    </open-files>
</project-private>
